File,Prediction
003kprvwysr41.jpg,1
0177myxmpiq41.jpg,1
01vmlf4buap41.jpg,1
04z5q0nunyt41.png,1
05tmnohw0qn41.png,1
06wprmd2m7u41.jpg,0
078yxwtp4gc41.png,1
07fili2nses41.jpg,1
07nqetuqw9w41.jpg,0
07xjd27c8uy41.jpg,1
086tektpmp051.jpg,0
087sm5ltd8v41.png,1
0al47gmk8xs41.jpg,1
0c5l0ss550p41.jpg,1
0czcmw8rmsz41.jpg,0
0ecs6bzy49051.jpg,1
0f348gu5nuk41.jpg,1
0g8ijg9h5fp41.png,1
0gdakfpl6bh41.jpg,1
0htu1r0l35y41.jpg,1
0i7z32his4251.jpg,1
0jun1e5etxu41.jpg,1
0k85pi0eqd151.jpg,0
0lln1q0ag1r41.jpg,0
0mzs9f0wb8z41.jpg,0
0oinnuls0gp41.jpg,1
0ozodkocirw41.jpg,1
0p43pkc3jpn41.jpg,1
0q0bg5pzgus41.jpg,0
0t3s0u8rw7m41.jpg,1
0tdpbogptdi41.jpg,1
0u4sc9a1zp831.jpg,1
0vvlmn9h7nu41.jpg,1
0wovk4f2v0h41.jpg,0
0yotitpwxht41.jpg,0
10pvsht7efq41.jpg,0
12g0suysuso41.jpg,1
13texvno4be41.png,1
14rcw19xb0h41.jpg,0
156k820dq5151.png,1
15dbc15lp2s41.jpg,0
16zmxxo5fl251.jpg,0
170bp0mkvju41.jpg,1
180mf4lt79l31.jpg,1
1869awy2j1p41.jpg,1
193gf5t0emo41.png,1
1be6ge0vqrx41.jpg,0
1ftp93wuexn41.png,1
1gy9hfyzkmp31.jpg,0
1hvci9xecgm41.jpg,0
1if48k12e1q41.jpg,0
1iydjh1w9xz41.jpg,1
1j7g7e4pp2f31.jpg,1
1kool8vkq0r41.jpg,1
1kunist4yeq31.jpg,1
1m4kgui15us41.jpg,0
1mau9ybffiq41.jpg,0
1nj60xs06y151.jpg,0
1odwlt3080p41.jpg,1
1oo31jmwtga31.png,1
1or123myt6151.jpg,1
1ppdvul5ll051.jpg,0
1vinuy2dhxs31.png,1
1vumfgyx74o41.jpg,1
1vy8abm.jpg,1
1ysls0bwut251.jpg,1
1zRyR8x.png,1
23tuxt9bkev41.jpg,1
24u6bnam9by41.jpg,0
25aloeo9bqz41.png,0
2670q4hbi1t41.jpg,0
26a97ocpvmw41.jpg,1
27b4j8cwust41.jpg,0
27y01mezsly21.jpg,1
280hldd1i5251.jpg,1
29ma2prvq9q41.jpg,0
2al5h2tbpub21.jpg,1
2auesk1lhev41.png,1
2c0drcqw07151.jpg,0
2c6hy34fl7g11.png,1
2cetpgx467u41.png,0
2chcpwqx8ho41.jpg,1
2eet6z805a251.jpg,0
2ehmq0fjpj051.jpg,1
2fdzujcpytn41.png,1
2g1c09whuqq41.jpg,1
2ir6nzse8tt41.jpg,0
2jawonnlz6s41.png,1
2kc00ewaazv41.jpg,1
2mfsv2okrlw41.jpg,0
2qu6fck1ion41.jpg,1
2ravrz45dhv41.jpg,1
2rEmbwo.jpg,1
2w2bmlvuf2i11.jpg,1
2xg56b1ilme31.jpg,1
2z1iwjt5f4o41.jpg,1
2z2s1hmg4gs41.png,0
2zrwo9apu0q41.jpg,1
31gdidag9it41.jpg,0
32sxdlxm6no41.png,1
33s6x3zwrqz41.jpg,0
34a2yor313251.jpg,1
34maiemumfo41.jpg,0
34v33rzwnmz41.jpg,1
35whcsia1kz41.jpg,1
3615jytspzg31.jpg,1
36zcf5oey2u41.jpg,0
373ovvidqmx41.jpg,1
382c1abqgbw41.jpg,0
38axyof8eat41.jpg,0
38ubn1fm9j241.png,1
3bd13tz2i7q41.jpg,1
3ffya37h56v41.jpg,0
3g7yb3jo1uk41.png,1
3ii4tgihg2s41.jpg,1
3ioh6div1gx41.jpg,0
3iz296yovfs41.jpg,1
3j6cs2mqujv41.jpg,1
3jez3vw7q2r41.png,1
3jj3z878i3q41.png,1
3l1pw0g64qo41.jpg,1
3nrt721qhcu41.jpg,1
3q66zq2et8v41.jpg,0
3qix8hhweme41.png,1
3sgam7u8gaj41.jpg,1
3t20xi73jee21.png,1
3t8bqmnrrj931.png,0
3t8w4mbjhs051.jpg,1
3tp6k4rcpxw41.jpg,0
3u4cqdipdjx41.jpg,1
3u5v8o3hbus41.jpg,0
3vtmpbso10w11.jpg,1
3wcokvej5ez41.png,1
3wkpNSV.jpg,1
3xfc3u4woq051.jpg,0
3xmo6g2hcne41.png,1
3z7tpqi98et41.jpg,1
40p91imiaz051.jpg,1
41sqdgyaj4o41.jpg,1
4278caqzhui31.jpg,1
44u0n9vdewh11.png,1
45lkue67w9a31.jpg,1
46idi7ua0ma41.jpg,1
470ajfbonzx41.png,1
47oy7ru3ikt41.png,0
4c11bwxziut41.png,1
4c6ziha70mu41.jpg,1
4ch49n7ggo251.jpg,0
4d1njzkqe6w41.jpg,0
4egj432jsq531.png,1
4fnoph9zt5y41.png,1
4gocp91yv4y41.jpg,1
4igxwxi03or41.jpg,1
4jl524vvhpo41.jpg,0
4ktzur47yac31.png,1
4kwq530on7u41.png,1
4lhszcvq0i251.jpg,0
4m4bnqg4ofs41.jpg,1
4mpf2rkgftp41.jpg,1
4nese5zm7ye21.jpg,1
4nkvoclepyu31.png,1
4r4tqywnb7u41.jpg,1
4rccqx85b3w31.jpg,1
4sxahrwri9641.jpg,1
4ttnvnb0iq051.jpg,1
4w9dwthe38051.jpg,0
4wexc24oxs051.jpg,1
4z78v30g4dy41.jpg,0
50fbkx2nr6y41.jpg,1
51cjlvkjesx41.jpg,0
5203c54f0jo31.jpg,0
52kqzfbdza251.jpg,0
530whgrnajx41.jpg,0
53k85690bc741.jpg,1
54pixwaa0y331.jpg,1
54urpikvs7u41.png,1
59f543h0zfp41.jpg,1
5aja02wr0pp41.png,1
5bimv0esbkw41.png,1
5bshdgj5zlq41.jpg,1
5ccvhjp6jhk41.jpg,1
5d739cp70pp41.jpg,0
5d7ha2qj5ms41.png,0
5fqz3vkvw8q41.jpg,0
5i0u3dtau4a31.jpg,0
5ibkz90rpdp21.jpg,0
5izbphlfqey41.jpg,1
5m3ii7q9x9p41.jpg,0
5mal6lvkrmx41.jpg,0
5n2rzgxc14151.jpg,1
5ncnb04v26t41.jpg,0
5nf65gq24gw41.jpg,0
5piuumui8ln41.jpg,1
5qwujo8q42w41.jpg,1
5r07rfqoaor21.jpg,1
5ugtlptn0o631.jpg,0
5v81bzxrxvw41.png,1
5y44s4i5xsz21.png,0
5yu10oi529u41.jpg,1
5z9qecnrjq931.png,1
60m316tz31741.jpg,1
60wuqc68cao41.png,1
624i2pna97q41.jpg,0
62rx65xcwgp41.jpg,1
63ns615okdy41.jpg,0
68xk29grdw251.jpg,0
6bkg3ot4xi151.jpg,0
6bx5outyw7p41.jpg,1
6ec5jyr57jo41.jpg,1
6ehb04xvber41.jpg,0
6elwirqlh7v41.jpg,0
6gxfni1fpon41.png,1
6ife5p6ecxd41.jpg,0
6ijl2n0tt1c21.jpg,1
6iu55lbl3pj41.jpg,1
6k0cx05ktx441.jpg,1
6klatp7hifn41.png,1
6mfhsgu63hx41.jpg,1
6nqw8yqrbcl41.jpg,1
6nr896pfw2t31.jpg,1
6nu1yps59s051.jpg,0
6obmy1162po41.jpg,0
6qwnlgi3osh31.jpg,1
6qzlx9s5ha431.jpg,1
6r8i57hmzk151.jpg,1
6rkbh008q8p41.jpg,0
6snk59y7os251.jpg,0
6tHQ2Ns.jpg,1
6toaz25p7nn41.png,0
6ugubymg6fv41.jpg,0
6w8x05b93xs41.jpg,0
6wgiymw7qmp41.jpg,1
6wqdw6iyzok31.jpg,1
6xbpep0g42s41.jpg,1
6xl3bltuf0t41.png,1
70j7urf9t1u41.jpg,1
71mvam92e7f41.jpg,1
72twsly4v7i41.jpg,1
733kr2ixqd541.jpg,1
73ysdwm7lx431.jpg,1
74p1pze5l4051.jpg,0
74wa4k1bk2051.jpg,0
76052iu7zdt41.jpg,1
76kutc50hbo41.jpg,0
77fw2i46wfn41.jpg,1
77t4q1bouzp41.jpg,1
7893ogdapdz41.jpg,1
79e7jro755251.jpg,1
7ajg3ewgi4z41.jpg,1
7b2m31wofk641.jpg,1
7byvq15say051.jpg,0
7c3lyx28tzt41.jpg,1
7cjs4y9ouio41.png,1
7gh14vki09p41.jpg,1
7lzcc2z1r2x41.jpg,0
7nsxavuzflu41.png,0
7o0coqjaqfo41.jpg,1
7o1uv92pf4s41.jpg,0
7ol380jp21u41.jpg,0
7pktb54531t41.png,1
7roy7fr5giy41.jpg,0
7rzpqibvytf11.png,0
7sw501vultm31.jpg,1
7uwebefw0fp41.jpg,0
7v8k0iybpsw41.jpg,0
7vo8ybo1skm41.jpg,1
7vpp45mytrn41.jpg,1
7vvfiqto1ge41.png,0
7xcbunxbv2u41.jpg,1
7xwxdkt41pg41.png,1
7yc49g2qdsz41.jpg,0
800d1j0d4l251.jpg,0
806yecxwtms41.jpg,1
829OQv9.jpg,1
84favyra9xq41.jpg,1
85q7uukr0nm41.png,0
870ng9avw8o41.jpg,0
8817or55wvs41.jpg,0
89lbf73li2v41.jpg,1
89ydqw3k2cr41.jpg,1
89yxnklxkds41.jpg,1
8aGPHwF.jpg,1
8an21xiwotm41.png,0
8bcs70vryno41.jpg,1
8cekv2yjjv251.jpg,0
8cpsi2u6tps41.jpg,1
8d04ur941iq41.jpg,0
8eDHQqS.jpg,1
8f81b6uhcow41.jpg,0
8fu1s5n87fs41.jpg,0
8iOjAWe.jpg,1
8jdhlhbbuap41.jpg,1
8JxCYKp.png,1
8kea3k0a99o41.jpg,1
8lcwtasnr4051.png,0
8lgc3zd9b9151.jpg,1
8m741cmscov41.jpg,0
8MCVboY.jpg,0
8mpv1w6hv2p41.jpg,1
8nv4qoa6fpy41.jpg,0
8ny07jwn7un41.png,1
8otyi9hamct41.jpg,1
8ren1f5943q41.png,0
8rgk28sk63a31.jpg,1
8rl34ovs2gq41.png,1
8rumuyzzh2r41.png,1
8s68yn8wi6b41.jpg,1
8sbsurwh7ou41.jpg,0
8si5yl8cu2541.jpg,1
8sr2fzd41aq41.jpg,0
8v7vsv172t051.jpg,1
8vc9cwbj34251.jpg,1
8w85afmqwtq41.jpg,1
8wcem3qh8de41.jpg,0
8wr5wde41ht41.jpg,1
8x2sbemh0zb41.png,1
9101cbvcjar41.jpg,0
9275v579pt541.png,1
9278w203q2y41.jpg,0
928z9h23sp251.jpg,1
92crm8xnhdv41.jpg,1
93nvxauhqx051.jpg,1
94es8kyx2gq41.png,1
94wdrbbld4u41.png,1
95itt33yxdv41.jpg,1
95senj68juz41.jpg,0
9636gdkoj8d21.jpg,1
96d2rfs8mh431.jpg,1
9dlgye9ecep41.jpg,1
9eaffvomylu41.png,0
9ht6b1kmf6731.jpg,1
9itb2zwk0bo41.jpg,1
9jnzs825cem21.jpg,1
9md0uw7o5ty41.png,1
9mm78thz7jz41.jpg,0
9mpuxs9oo3p41.jpg,1
9my0pa9jf5u41.jpg,1
9n53e3cc2qo41.jpg,0
9nkshyrrm0u41.jpg,1
9qfgjoud73s41.jpg,0
9s3q7mmyed051.jpg,0
9ti85wdzgfs41.jpg,1
9tqxpwuw5dq41.jpg,1
9ws1onrchqu41.jpg,0
9y8d7j0n1w151.jpg,0
9z7t24i8ddw41.jpg,0
a07mti5yvol41.jpg,1
a0hmyfbt2ey41.png,1
a2vvzng7g7v41.jpg,0
a3578oj6dkw41.jpg,1
a46ep8c89jq41.jpg,1
a4smr48spjz41.jpg,1
a56ql61z32g41.jpg,1
a6m1x4fopez41.jpg,0
a6qi2w8lsv531.jpg,1
a7esrnrg75151.jpg,1
a7gup5ll2js41.jpg,0
a85jxzlw1vy41.jpg,0
a9aee4s4nmo41.jpg,1
aamjnmrm65i41.jpg,0
ab4rer53uug31.jpg,0
ab92nh329mz41.jpg,0
abx0demjy9x41.jpg,0
ac7l2g40fi051.jpg,0
ahnq9g4fh2p41.jpg,0
ajbtix5go3c31.jpg,1
ak3j1dwwqpo41.jpg,1
ak4jo5tt13o41.jpg,1
ak680mftdst41.jpg,0
al0shs07imx41.jpg,0
AlACNko.jpg,0
alxs1nonx5o31.jpg,1
am44icg7y9r41.jpg,1
amwui5wy0ax41.jpg,1
ao9x8kxulax41.jpg,1
aq0xqqjujnr31.jpg,1
atld4xbdnyv41.jpg,1
au8drs67x7y41.jpg,1
auevt60qvux41.jpg,0
austmhcaccs41.jpg,1
av0qy2xinfs41.jpg,0
avn4zjx159l41.png,0
axvx69l9xau41.jpg,1
ayr5bbjy0oo41.jpg,1
az1gw6avyo331.png,1
b0kktbrcl6w41.jpg,0
b57mko9eqav41.png,1
b5x6s7la21v41.jpg,0
b6elmj6ongs41.png,1
b6yc9yvet5251.jpg,1
b7kjl55n6s131.jpg,1
b9hfzol3nut41.jpg,0
bccmkc303cs41.jpg,1
bczujeyv9ur41.jpg,1
bd4tz6iewq631.png,1
bdby55yatls41.jpg,0
bf9ojmz86vj31.jpg,1
bfsd4zxgcww41.jpg,1
bfyu5244pku41.jpg,1
bgaf0p86x8l41.png,1
bhhnp13bfs151.jpg,0
bizvfgf5js431.jpg,1
bktw15fadjv41.jpg,1
bm2laxad7fw41.jpg,0
bmw5e4nk13n41.jpg,0
bn6q5o00nuq41.png,1
bn8h36891az41.jpg,1
boz44y6cffk41.jpg,1
brwlzwlbonv41.jpg,1
bsy4tw0xa0q41.png,1
bt1uub7yac631.jpg,1
btoloosiwys41.jpg,0
buum2l6wkxs11.jpg,1
buwnc37azvo41.jpg,1
bvpbvf68v7p41.jpg,1
bvrn2ehkxvo41.jpg,0
bx2j3wzaw7z41.png,0
by5d7vhomhl41.jpg,1
by9xgrz8wwn41.png,1
bz67JdS.jpg,0
bz8gh35gwsv41.jpg,1
bzfflut29q841.jpg,1
bzyl5fpj00p41.jpg,1
c01cwq2a9cz41.jpg,1
c07285vt2ay41.jpg,0
c1dkr5y7qwy41.jpg,1
c1eqgnulqil21.png,1
c1w47kjs2wn41.png,1
c253iqmbjhu41.jpg,1
c2ghxijo1qm41.jpg,1
c5cojm0drrz41.jpg,0
c6gih293mzr41.jpg,1
c6h37ln0xlt41.jpg,0
c6kwhhh5n4q41.jpg,1
c79oubyo5eo41.jpg,1
c7m1nm6rckz41.jpg,0
c7ny6mujkex41.jpg,1
c80236ddahq41.jpg,0
cahmu5f1x2w41.jpg,1
cahoikmgibc41.jpg,1
cc4rqooxtx051.jpg,0
ccm3xnj2nzy41.jpg,0
cdbi9isv54n41.jpg,1
cdkj75ly1st41.jpg,0
ceehhoo6j8w41.jpg,0
cfby0zxfqdw41.jpg,1
cg0ujkrq05z41.png,1
cg1wru6phrd31.jpg,1
cgj4oeyh2jr41.jpg,1
cgsoj0zurx231.jpg,1
chabhu8mdet41.png,1
chc6w2kbnxh31.png,1
chx0tdaihzt41.jpg,0
cjd5a9nfu1o41.png,1
cjpeg8izgsy41.jpg,0
ckdgaab9d6v41.jpg,0
ckpedxfzdrh41.png,0
ckvouhy857051.jpg,0
clxc6b100ws21.jpg,1
cmrtvs5id7151.jpg,0
co4m0ecwcmu41.jpg,1
coi10myq57r41.jpg,1
cq0pmqg8pe151.jpg,0
crm727xunzl31.png,1
cvwz9s169dc41.png,1
cxowqxjvkzq41.jpg,1
cyj0wimbluo41.png,1
cz5092f3hz051.jpg,0
d0p66nf7eyx41.jpg,0
d29t53ljecd41.png,1
d5gjva6g1s241.jpg,1
d6uyw03yb0p41.jpg,1
d73ayh9a8un41.png,1
db254ohw6to41.jpg,1
dbdqarquvaq41.jpg,0
dbhg5nknpgr41.jpg,1
dbkt6ll0g6e41.jpg,0
ddhmkqzdz5f41.png,1
ddvaaec5vao41.jpg,1
dejy3yyz3y151.jpg,0
df0x8n0pbel31.png,1
df7ufpug69o41.jpg,1
dgovey0djwg41.jpg,1
dhpg27qzffj41.jpg,1
dkbdimdugen41.jpg,1
dlj722lgx4251.jpg,1
dn1ymm9e9pn41.jpg,1
dn2ik397y0k41.png,0
dnmde0doj7p41.jpg,1
dosv6e5lib051.jpg,0
ds6c2bngovt41.jpg,1
dxa8086pwdb41.jpg,1
dxfqi7qxl9k41.jpg,0
dxkeutjrcvr41.jpg,1
dz1xwxlnfrp41.jpg,1
e0skxeer0mp41.jpg,1
e193r4coxto41.jpg,1
e1a2dkzwh5w41.jpg,1
e6brxe61cyw41.jpg,0
e7gtx82nayw41.jpg,0
e81m057ip5v41.jpg,1
e9ir5bpuh2w41.jpg,0
e9labbtryqf31.png,1
ebb0wuj1y9o41.jpg,0
ebr019iyv5x41.jpg,1
edzmjwz6psy41.jpg,0
eg3mu7r232q41.jpg,1
eg9yhhewohi41.jpg,0
EHkNSbj.jpg,1
ehmxr5o8aqt41.jpg,1
ekmkzznqogo41.jpg,1
ekxlsdgvxru41.jpg,1
em7ioum3edx41.jpg,0
emffoowlk3251.jpg,0
eni1jy9lbmq41.jpg,0
erimvu9njkn41.jpg,1
etjlwzb069a21.jpg,1
etqyw0pbk1u41.jpg,1
eubprx3fayn41.jpg,1
eunm0kzpsdq41.png,1
ewpuxr44dix31.jpg,1
ewxjyfgkqy931.jpg,1
exl00z7lnrf41.jpg,1
exrlujsih0q41.jpg,1
ey1rig7iygu41.jpg,0
eyz5slawv8051.jpg,0
ez8zxrzs9ut41.jpg,1
ezfhxms42ar41.jpg,1
f02zvnu7pau41.jpg,0
f0g4gr21ckz41.png,0
f1ausyas8bv41.jpg,1
f1ublpi3j1x41.jpg,0
f2bljzq93pr41.png,1
f4ovxvk1n1j21.jpg,1
f5vux5s1wko41.jpg,1
f6g5f4fm25z41.jpg,1
f85390wwq1251.png,1
f8ztw81hh6u41.png,1
fbhxzlep62251.jpg,1
fc6ldbucmcp41.png,1
fdhgzoo5oa251.jpg,0
fdqsbwz658z41.jpg,1
fe66rymrswh41.png,1
fezz90oqpxo41.jpg,1
ffjiof62k4q41.jpg,0
fggc0lpqgbp41.jpg,1
fhj6w9wq35j41.jpg,1
fil3dbmntl841.jpg,1
fki3ayyvha831.jpg,1
fkoadsfcbdx41.jpg,0
fnb50ybxybz41.jpg,0
fp5x77atmri31.jpg,1
fpn6td4w78041.png,1
fr8cb5pux5531.jpg,1
frlntudlogs41.png,0
frovn5ohsv931.jpg,1
fsgfpkqclcj31.jpg,1
ftayvcwnxap41.jpg,1
fukqay6dm3nz.jpg,0
fw1xeqqqnzl31.jpg,1
fy70lvx29kv41.jpg,0
fyealvxgzx151.jpg,1
fypx2trhrqm41.jpg,1
fyvoi565rdv41.jpg,0
g0ffa5l44zx41.jpg,0
g0l5162ppet41.jpg,0
g0z2jjrhkik41.png,0
g110bc1iluo41.png,1
g1jnahwa68s41.jpg,0
g26xfqqcein41.jpg,1
g4yivjo27ea41.jpg,1
g57e3kevhom41.jpg,0
g7is41yg38s41.jpg,0
g7jfzo0ur2p41.jpg,0
g7lm0n0b8li41.jpg,0
gctbagy3kdu41.png,0
gdgbv9zwilt41.jpg,1
gi5w0jexd1o41.jpg,1
gjxuptnt17t41.png,1
gk3fu4q6ymd31.png,1
gkeqq9ry0bo41.jpg,1
gl8uc89ymvp41.png,1
gnsj5xqj9ep41.jpg,1
GP2Izrk.jpg,0
gpmq2vu9s7q41.jpg,0
gq45dtvseb151.png,0
gqmekrnueqx41.png,0
grx9a1kdebc41.png,1
gscu57ei43141.jpg,1
gv37p3p1let41.jpg,0
gvdd0wig8wu41.jpg,1
gwo0a4qfovv41.jpg,0
gy4dv3nqosv41.jpg,1
gyb7sjvaqah41.jpg,0
h3d5p2h58ij41.png,1
h3eugo84bjc31.png,1
h3g92dztaip41.jpg,1
h3h1ydn4uk151.jpg,1
h4gukh1fgrv41.png,0
h4xq6ip3dbp41.jpg,1
h4yfaw00r3t41.jpg,1
h5ji97z44hs41.png,1
h5lvupes42241.jpg,1
h69k6nvcrqa41.jpg,0
h6tg55igmaz41.png,1
h7rqvmbv20t41.jpg,1
h83sknvssh151.jpg,0
h8kh9zjsmok21.jpg,1
h9nkiyuo89y41.jpg,0
ha6664k810941.jpg,1
hcpe9eo9l8331.jpg,1
hfzfuz65yjw41.jpg,1
hhdq1vz7jys41.jpg,0
hJcPyU1.jpg,1
hkt9gm3mbqz41.jpg,0
hkx1d5m9iyz41.jpg,0
hltdmjdplh531.jpg,0
holf2wkvblv41.jpg,1
hq9mgf9cz3o41.png,1
hs7q6xzn29131.jpg,0
hskukn5r62b41.jpg,1
hsnvsywinoo41.jpg,1
htha67tk7hu41.png,0
htkxum92zb051.jpg,1
hueyivqmies41.jpg,1
hwc9qfr0dvn41.png,1
hy1s7ck7c2s41.jpg,0
hybrf68w2v631.jpg,1
i01xmwzfsjx41.png,0
i0w9x9w2jqx41.jpg,0
i1igvmkw5e051.jpg,0
i2exuxt9myq41.jpg,0
i5bcwpwrput41.jpg,1
i5vkp78xvbr31.png,1
i6cofa2.jpg,0
i8m7jw1p49x31.jpg,1
i9s6n3zyhy141.png,1
ibpc04tke5v41.png,1
icmdhvjbxcs41.jpg,0
icukdew585h41.png,1
idhi876mjlu41.jpg,1
idug4d2170831.jpg,1
idzk49t876y41.jpg,1
ieTOCu2.jpg,0
igk5q7v9yqy41.jpg,0
igkzapdeyut41.jpg,0
iifsgokr78o41.jpg,1
ij7kzf2x91p41.jpg,0
IJSwjsj.png,0
ik4d2mpi1fo41.jpg,1
ikix5vc.jpg,1
iMniTZ0.jpg,1
insrlmeyxv051.jpg,1
inu4ftn88fs41.jpg,0
invewej43lw41.jpg,1
iPq1MWC.jpg,0
ir5oid32hus41.png,0
ius3p6svmqn41.jpg,1
iusjgd6onyu41.jpg,1
iv3wjg68qkt41.jpg,1
iwa64sfs25m41.png,1
iwcmlwqx7qp41.jpg,1
iwyhjdg6jv841.jpg,1
ixyxz784e3r41.jpg,1
iyg1fx1ev6t41.jpg,0
izbtuqy7ybl41.jpg,1
j01d2yhvblm11.jpg,1
j047tl73at251.png,1
j16j2n19tky41.jpg,1
j2seiwjdri151.png,1
j3hpvhu1hmp41.jpg,0
j3xgs57hegv41.jpg,1
j6imyz9j4s251.jpg,0
j8vjnzpqdfr41.jpg,0
jappvd4wmbt41.jpg,1
jb2x2o4tfim41.png,1
jb447wjfd6q41.jpg,1
jd1e0193a6v41.jpg,0
jdeosa4mzje41.jpg,1
je7asopdtcp41.jpg,1
jeEyt0q.jpg,0
jfp4k5szylv41.jpg,0
jfyuqcwy0uv41.jpg,0
jg51bfd4nmx41.jpg,1
jinj324sysw41.png,0
jjrlkh58pbf11.png,1
jk1lza5gw3h41.jpg,1
jo7ox0l8p6841.jpg,0
jp1x0ar1d7s41.jpg,0
jqzzyw1w8ms41.jpg,1
jrc0gyvd18i31.png,1
jrk0eogay8s41.jpg,1
jro3v98bdmo41.png,1
jrXwn5X.jpg,1
jt3nmtayxer41.jpg,0
jt5ztcv7e2t41.jpg,1
ju13scecqdu41.jpg,0
juraymbezfr41.jpg,0
jVEqmp0.jpg,1
jwck8uf9uto41.jpg,1
jxi3cpyp7go41.jpg,0
jybtzgg0jqr41.jpg,1
k18516pw9bi41.png,1
k23ksr31qar41.jpg,1
k3mk29pzqeo41.jpg,0
k3srk40hf1t41.jpg,0
k50qaldi23251.jpg,1
k91yw4dbxav41.jpg,0
kalnr6lu6gy31.jpg,1
kbi0wq1wl9o41.jpg,0
kcayc0hty6s41.jpg,0
kcczvtzp2h931.jpg,1
KCk4N0n.jpg,1
Kcw45Na.jpg,0
kdma33kq3l051.jpg,0
kenwfylpcsr41.png,0
kg9q1x0.jpg,1
kgo5y4wx7rp41.jpg,1
kho8qirfizy41.jpg,1
khvfa80zm7r41.png,1
ki0vvnb55kd31.png,0
ki1vqelx7ld41.jpg,1
kixshih85vi41.jpg,1
kjy36sapo1w41.jpg,0
kkfnjrzuxa141.jpg,1
klhh5j569ku41.jpg,0
klis8kyv1ql31.jpg,1
koe437qc97v41.jpg,1
KpQRTFG.jpg,1
ksg2c3yg5ur41.jpg,0
ktwnbrus4c251.jpg,0
kwi05powm8q41.png,0
kwkatwjlcrv41.jpg,0
kzabkt8igdu41.jpg,0
l07pogsq2dx41.png,1
l20q5d8anh341.jpg,1
l48j893vg7j41.png,1
l49wxzupzuz41.jpg,0
l4r9is3jdtu41.jpg,0
l5egjbdtopl41.jpg,0
l875SoO.jpg,1
l9nnsis8szu41.jpg,1
l9zgn9bqn7t41.jpg,0
lcjnyu0jzl051.png,1
ld3g8a494ip41.jpg,1
ld53nd59yyr41.jpg,0
ld5qja2zp0v41.jpg,0
ld7mr3scgts41.jpg,0
ldezto128im41.jpg,1
ldub9y0ee6251.jpg,1
lhjv3ah1pp431.jpg,1
lhuffu1rqlr41.jpg,0
ll6pb26j76l41.jpg,1
ll7xid3fqmu41.jpg,1
lnl5o58dcow41.jpg,0
lnsgs5chv9m41.jpg,0
lnwys7n481u41.jpg,1
lohb806075051.jpg,1
lot5xkiz2pn41.png,1
lp1ljkhlyfm41.jpg,0
lpibxuw4kof11.png,1
lq9wvun2d2t41.jpg,1
lqcs2d4nfgl41.png,1
lrsenmu9q5l41.jpg,1
ls2fs1uq2fr41.png,1
lsdyqogmu7v41.jpg,0
lsfzxzm8zmv41.png,1
lsje6vjnrtn41.jpg,1
lsyvu9de1wz41.jpg,1
lsz9e23dlmx41.jpg,1
lt9gt9p0bpx41.jpg,0
lu3lsgc5rcr41.jpg,1
lv66ekmm9lv41.jpg,0
lv7wi59wjgs41.jpg,1
lwfoum0k89o41.jpg,0
lxd5iur4e4i41.png,1
lxdsmtwgb9x41.jpg,0
lz7cu3yjxxo41.jpg,1
lz9nqh63cnu41.jpg,0
lzk0s9mx4po41.jpg,1
lzre9qnqo2q41.jpg,0
m1k7jph7gnr41.png,1
m4xfwt0hfao41.jpg,0
m5fz42xoxw051.jpg,0
m6h3dg2nkft41.jpg,0
m8205xouhmp41.jpg,1
m8b5nxm1xfr41.jpg,0
m9ryswrs8ox41.jpg,0
m9srnnc4h1s41.jpg,0
mabem4t1ppp41.jpg,1
manh6kzaxm051.jpg,0
mcgys8844ku41.jpg,1
mduweb2kbh151.jpg,1
Mg7MEaL.jpg,0
mhagqgsuthz41.jpg,0
mi91nswa2tv41.png,1
mJaAUEA.jpg,1
mKiEx0Y.jpg,1
mli7blzyj8y41.jpg,0
mlt3z6vdf1i31.jpg,1
mlwgn153nw241.jpg,1
mmcsxsibppn41.png,1
mmj08153y6u41.jpg,0
mmumnccxumt41.jpg,1
mnn9v1u6h9151.jpg,0
mp5r68mt7ob41.png,1
mqpbe6wpuiq41.jpg,0
mqqd494cdst41.jpg,0
msarkaic83r41.jpg,1
msc37v9fkb251.jpg,0
mSINVLA.jpg,1
mtawd699obx41.jpg,0
mvc68pct7nk41.png,1
mxvd1pd3v0v41.jpg,0
myckb6wrboq41.jpg,0
myzv7nbnswr41.jpg,1
mz2duvh5xwr41.jpg,1
mzbrto6y9qo41.jpg,0
mzhzm7f2fnr41.png,1
mzu178i7p1t41.jpg,0
n0k55r0b7dq41.png,1
n2q98g9mbco41.jpg,0
n314phlf09r41.jpg,1
n3g5vzaeb1z41.jpg,0
n53yyo4sy8e31.png,1
n5bcwpo211o41.jpg,1
n5rum91r23p41.jpg,0
n6w5icxjhtv41.jpg,0
n6xawnei12p41.jpg,1
n7ir9yf6p3s41.jpg,0
n8h4b66h24e41.png,1
n8mhpijvw4o41.jpg,0
n8qq672ng4x41.jpg,0
n9ji4n9qdzu41.jpg,1
nc2ftjt3jit41.png,0
nc5mqymkx4331.jpg,1
nddr4q3fzju41.jpg,1
ndmv0fhpzup41.jpg,1
nee3x3ro0d251.jpg,1
neox2xmk2gu41.jpg,1
nfbtsarolzt41.png,1
nh010nu1fwr41.png,0
nkbaiv68n3l41.jpg,0
nlazxbs326j41.jpg,0
nmhxpqft9mr41.png,1
nmjw64vb0kg41.jpg,1
nmtydlor5fr41.jpg,0
npqf131vcpp41.jpg,1
nqawxp7e0vr41.jpg,1
nqfb19mwy7r41.png,0
nqi0udlku1r41.png,1
nqnucrgtmt151.jpg,0
nqqgq56tcnp41.jpg,1
nrjbcscyr5o41.jpg,1
nrx53le81co41.jpg,1
ns5js6nvjxw41.jpg,1
ns5wvq0gczw41.jpg,1
numuacocm9931.jpg,0
nvjkvio8lxv41.jpg,0
nvxlojcqsw051.jpg,0
nww5msjzqqd41.jpg,1
nwxizfagytt41.jpg,1
o0mwwmukt6n41.png,1
o1drvcdxz6251.jpg,1
o37cn83399x41.jpg,0
o3segyhhlmu41.jpg,1
o4q597v604251.jpg,1
o6eijlmh9c151.jpg,1
o8oyilfn1vq41.png,1
o93jc5r2e0o41.jpg,1
o99tzc20h0u41.jpg,1
o9vy439aufu41.jpg,0
obnj5od4tno41.jpg,0
obs4q0yb7op41.png,1
oc6oxojki5251.jpg,0
od7497obk3831.jpg,1
odjwygwfjoq41.jpg,0
odxmzklsff741.jpg,1
of5t94mga4i21.jpg,1
ofbv7bdnrrq11.jpg,1
off0e2elr0p41.jpg,1
ogqovinzbew41.jpg,1
oha2m3dy9ly41.jpg,0
ohjf4jogmku41.jpg,1
ok88crb4kfr41.png,0
olxnj4sdqeu41.jpg,0
omdz30u5bmj31.png,1
ooqoabybtcp41.jpg,1
opep4iricr041.jpg,1
oqbjvgqrh0f41.jpg,1
orgirozmkmo41.jpg,0
oso6cf6bnrs41.jpg,0
osruwmezzdi41.jpg,0
otmss0yd0qp41.png,1
ots2pux9s7q41.jpg,1
Oum0OhI.jpg,1
ouwfazh36bo41.png,1
ov853wqvshx41.jpg,1
ovcp43g2duq41.jpg,0
ow31wntcsnv41.jpg,1
ozj87simu8k31.png,1
ozvk8gx9vi251.jpg,1
p0eis626snu41.jpg,0
p0trjvlit1o41.jpg,1
p1ao5jhay7p41.jpg,1
p26uve8wauu41.jpg,1
p28lxf95oou41.jpg,1
p3azbq9ei1e41.png,0
p3v4vezbstp41.jpg,0
p8pfe3wyrvl41.png,1
p8ul4rlfrer41.jpg,0
pa9t7wdwvbk41.jpg,1
PaLUI2r.jpg,1
ped01zzlpyk41.jpg,1
pf4z4zql2ly41.jpg,1
pjib5tvoyqc41.png,1
pkoh6s7xtyx41.jpg,1
pkxy65e7qp341.jpg,1
PMVPRt2.jpg,0
pop9ekakmov41.jpg,0
posdfvw61fs41.png,1
pp338396rcz41.jpg,1
pqr5dwf76s151.jpg,0
psusjw84imo41.jpg,1
pswlw2qn3uh41.jpg,0
pt1bmi6baiu41.jpg,0
pv3uapfm2u251.jpg,0
pwm9f3q01mu41.png,0
Pxi4PNX.jpg,1
pyj08dcsh7251.jpg,0
pyj6r0wh8h541.jpg,0
pyq6nteg9ep41.png,1
pzyy7d7gedr41.jpg,1
q0q6fsmxkbj41.jpg,1
q1xmbuz9fzp41.jpg,0
q4r2kes20cz41.png,1
q5v956sajfr41.jpg,1
q5xdvd465el41.jpg,1
q71mcpvoqqr41.png,0
q7z24nrzjbr41.jpg,1
qapjlxo4n5y41.jpg,1
qavfy00f8cry.jpg,0
qb21mpixz7r41.jpg,0
qb2t52fsfto41.jpg,1
qbiuevotzdx41.jpg,0
qbkisiap94t41.png,1
qbv3zoeu70w41.jpg,1
qcge43iq0qx41.jpg,0
qdblodng2aw41.jpg,1
qdmiw5cfd5y41.png,1
qf5ux0zkdcm41.png,1
qg2iuylmk6y41.jpg,0
qgf34x3oc2q41.jpg,1
qgfyc929tzn41.jpg,1
qhmplvm1tkq41.png,0
qhmyq1ebs4q41.jpg,1
qied8a3vsyx41.jpg,1
qisy4hvhk0q41.jpg,1
qkwwa5l2hn641.jpg,1
qlcznkowxdz41.png,1
qlmr2o6wdgq41.png,1
qlpr7h1rprz41.jpg,1
qqjgr307kdr41.jpg,1
qrfb1c4yhvy41.png,0
qtibz6r41bw41.jpg,1
qtsfn5e4r9o41.jpg,1
qu6ezf8n63o41.png,1
qvlu1yrvfvi41.jpg,0
qvu9h185rur41.jpg,1
qw7erhqqh1e31.png,1
qwx6uvpxfzy41.png,1
qx48xf0sbc051.png,1
r0a61jwuaul41.jpg,1
r1spcvcr2st41.jpg,1
r6g5hc8mdfw41.jpg,0
r7q979qe10j41.png,1
r7wlkpp05mt41.jpg,1
r9gk9rwhkvr41.jpg,1
raosv2hyz6s41.jpg,0
rb9md3tme9t41.png,0
rbh7oe3eki151.jpg,0
rbq9w51b88o41.png,1
rd84fbs31pu41.jpg,0
rdfw6x4ng8x41.jpg,1
rdmlbdd49zi31.jpg,0
re07oi7vizo31.png,1
relwt1a44jp41.jpg,1
rf60zmljrrt41.jpg,1
rfsrix1e8cj41.jpg,1
rgfjdrzchep41.jpg,1
rglxAV6.jpg,0
rhrzucd6w0s41.png,1
ri9hjen2rz051.jpg,1
rj4ge2usweq41.png,0
rjlef08ax8d41.jpg,0
rlfa209e29n41.jpg,0
rlzpfd6jawo41.jpg,1
rnzbczz6e9c41.jpg,1
rogkbl9rf5251.jpg,1
rop0yfzk3lv41.jpg,1
rp1e7xi89x051.jpg,1
rpa1owirr8v41.jpg,1
rqrmlcbrhsk31.jpg,1
rrb5qqmdubo41.jpg,1
rrtveehulz151.jpg,0
rs6u382hge051.jpg,1
rswehqkcngw41.jpg,1
rta7c9xd4gr41.jpg,1
ru0yed5819q41.png,1
rvxd2ua4wdr41.jpg,0
ryic84yo9sy41.jpg,0
ryu8z32brbo41.jpg,0
rztkupeihcw41.png,1
s0fn8yugwuq41.jpg,1
s1ify9smdgm41.png,1
s2cqf8vm9wz41.jpg,1
s40ixoblh2v41.jpg,1
s44dz2umzhk41.jpg,0
s54uazzixht41.jpg,0
s5z90kef20s41.jpg,0
s6t641540zw41.jpg,0
s89ngxqzi5z41.jpg,1
s95nj595j5q41.jpg,0
sbon5zd5smu41.png,1
sBqdSc8.jpg,1
sfxshuqru7h41.jpg,1
SgbtlMM.jpg,0
sgch1t0ubfu41.jpg,0
sgixjruqciu21.jpg,1
sgo8tlbx1sy41.jpg,0
sgqnqbh63af41.jpg,1
shm402hnl4v41.jpg,1
silr95mgbdz41.jpg,1
sj51jy0nbj731.png,1
sk3h793i78r41.jpg,0
sk4e0v2x01r41.jpg,1
skis33tzbvk11.jpg,1
slifs09iwsu41.jpg,0
soec2x0t63051.jpg,0
sp3php5jcaw41.png,1
sqjufvsfvvo41.jpg,1
sRjPt6B.jpg,1
ssixyl3n0nw41.png,1
stvociaym2o41.jpg,0
svuukgwscq141.png,1
svztqowhxbo41.jpg,1
swl01kg12wx41.jpg,0
szchvwzjun051.jpg,0
szvvykvfpbs31.jpg,1
t15gekyitnx41.jpg,1
t1u2dgqe8sp41.jpg,1
t2zcvuuq2mu31.jpg,1
t38bk4g9szz41.jpg,1
t3t8eew13wv41.jpg,1
t88z1sn736x41.jpg,0
t9f9tgasxj151.jpg,0
ta0h2od11js41.png,1
tavf2blom1q41.jpg,1
tbXDl6L.jpg,0
tciezxavkvo41.png,1
tcsfdxookzx41.png,1
tezpldyxa1x41.jpg,1
tg8acatogq051.png,0
thm0z4ykvss41.jpg,0
thqiug0b5a051.jpg,0
tiw9kuhlwlx41.jpg,0
tjN9Vl6.png,1
tjoxjvskafp41.jpg,1
tl5mquu4l9j41.jpg,1
tlkrdcjx5tp41.jpg,1
TnKxDqh.jpg,0
to9ntvumgqu41.jpg,1
toh5eyf4n6151.png,0
tqm7tsagrdz41.jpg,1
tQxPq0Q.jpg,0
tuxjtl2vr8n41.jpg,1
tvodupn3e0s41.jpg,0
u0k0i1oj7tr41.jpg,1
u1a3p6o3d9o41.jpg,1
u1caidls78v41.jpg,0
u25lzwunmdz21.jpg,1
u3azew2uyxy41.jpg,1
u41d2sjgit641.jpg,0
u5w25uefinp21.jpg,1
u7c6k10ofuw41.png,1
ubyghe0ue7t41.jpg,0
udm1rk7zhhg31.jpg,0
uf0e98f1nex41.png,1
uf7dxqa622o41.jpg,1
ufizc3vq9pw31.jpg,1
ufmdogx78lx41.jpg,1
ugs79t7znwe41.jpg,0
ugzimfspx2p41.jpg,1
uhjr138rb2p41.jpg,0
uj7vci21e7p41.jpg,1
ujg0iwdhdyw41.jpg,0
ULAJ543.jpg,1
Ulj3uL9.jpg,1
unqa1b2rl5y21.jpg,1
UQIXCFH.jpg,1
uqjae0yhh0q41.jpg,1
uqlg2mzz7lt41.jpg,1
uqnqeu1rfxo41.jpg,1
usmj7738h1p41.png,1
ut4dpd5d51x41.jpg,0
uulq1ozwxnk41.png,1
uwr8pxi44sx41.png,1
ux7q18g45lx41.jpg,0
uz91apmzpkj41.jpg,1
uzpuxz4d99p41.jpg,0
v0z45yjepfy41.jpg,0
v3oilezlgjr41.jpg,1
v52ady63nbq41.png,1
v57o8itwodu41.jpg,0
v5iq9fi5pyv41.jpg,0
v688k3qkqbr41.jpg,0
v69kqqyzr4s31.png,1
v8lonwbzcj151.jpg,0
v97ek1e8tmu41.jpg,0
vdihreplg1r41.jpg,1
vgsfiv25cao41.png,0
vhupbtb1cl941.jpg,0
vhuszhh534r41.jpg,0
vi0g4y1mqdw41.jpg,1
viycp60oles41.jpg,0
vkq6yyy1e4i41.png,0
vm57fdiht1r41.jpg,1
vnlr1p7no9m41.jpg,0
vq2rft8te9t41.jpg,0
vregcwzgwbz41.jpg,1
vsb14z3r7rv41.jpg,1
vskie1n4gvn41.jpg,1
vt3tzr0v62t41.jpg,0
vub37dahavp41.png,1
vvtvere27uy41.png,1
vzteprqgxlp41.png,1
w0ddyr9atvu41.jpg,0
W1dh6EI.jpg,1
w1vox5zensw41.jpg,1
w4c4e7ocrtt41.jpg,0
w4pgzhc6ic531.jpg,0
w6aj60c8f0d41.jpg,1
w7bhc0gnsrp41.jpg,1
w7mvqot5kq231.jpg,1
w8wnko9hu3r41.jpg,1
w97n50dhnpz41.jpg,1
wb6k1bhku6c41.png,0
wbomjywzfoy31.jpg,1
wbtr194ex3931.jpg,1
wcpxskeaxwg41.png,1
wczt0ehgopq41.jpg,1
we19mz2aybq41.jpg,0
weipksgb6lx41.jpg,0
wflxqgz693h31.jpg,1
wggphbkotup41.jpg,1
wgok1c8j7ex41.jpg,1
whhx912sz0p41.jpg,1
witbnf67ghs41.jpg,1
wiyl0tl0n8r41.jpg,1
wje27d5vqby41.jpg,0
wjpub9hq4wu41.png,1
wk3aqt5yhes41.jpg,1
wk5mpgf8t9u41.jpg,1
WkC577D.jpg,0
wkf1pd2idgi41.jpg,1
wkg6sfiiuu151.jpg,0
wksvtldspcw41.jpg,0
wl44g2wlxfr41.jpg,1
wmu2ywi24qo41.jpg,1
wnzz06191nc41.png,1
wopcfk74tzo41.jpg,0
wQI3VnL.jpg,1
wqr49tzbp1w41.png,0
wsc5opg8bll31.jpg,1
wssx8Z9.jpg,1
wuw4g2c9xbt41.jpg,1
WVvyIgr.png,0
wxt7hv0pkjf31.jpg,1
wys1i5ksyeo41.jpg,1
wzb5ag1wduq41.png,1
wzbl8k6i1by41.jpg,0
wzu6d3xvkqx41.jpg,0
x4972xloe5151.jpg,0
x8fp82eap3251.jpg,1
X9WDK1v.jpg,1
xfbqu878xpt41.jpg,1
xfk2zdrvl1r41.png,1
xhbkob1tlro41.png,1
xhd2baiwj5z41.jpg,0
xiao5cscb4y11.jpg,1
xiy2r5a551q41.jpg,1
xj7foa15qi051.jpg,1
xnq12gew87u41.jpg,0
xq4bpw3jldu41.jpg,0
xtxxa5d6ki631.png,1
y1inzv0t9pi41.png,1
y2w900850tg41.png,1
y3iezv2e6yw41.jpg,1
y583nja0mmh41.jpg,0
y5amv0p3xtq41.png,0
y5ijsyipij251.jpg,0
y5pddy7h16x41.jpg,1
y6hhf5iguek31.png,1
Y71KUFN.jpg,0
ya9ltc4hw6s41.jpg,1
yb7qrsmshap41.jpg,1
ybn25fuvylv41.jpg,0
ydwaywmacyy41.jpg,0
yf7zsf12ymt41.jpg,1
ygdv36iprtu41.jpg,0
yh5k1gsg81u41.jpg,1
yl0dbtm8p5u41.jpg,1
yl3tirkcwpp41.png,0
ymfw0xg1k2k41.jpg,1
yn6cjb195gs41.jpg,1
yn8B54E.jpg,0
ynaooejxfkv41.jpg,0
ynkgq8cqv9251.jpg,0
ynll5e66x2o41.png,1
yoaeh14klxr41.jpg,0
yqlb2sk00jp41.jpg,0
yqmxamjjc5v41.jpg,1
ysb5015rkio41.jpg,1
yunthb67leq41.jpg,0
yusms7axbto41.jpg,0
yutte0d7fn151.png,1
yvqwrjmiucm31.jpg,0
ywwl2cxebqo41.jpg,1
yx4q0749anr41.jpg,0
yxvzr1tmaev41.jpg,1
yyd4y5v6xmo41.jpg,1
yyv264xvmhw41.png,0
yzn7hyoklqz41.jpg,0
z02shvyzxgo41.jpg,1
z2foac1wlqs41.jpg,1
z2m60fo9zfl41.png,0
Z2uRZvj.png,1
z3g83605u6151.jpg,1
z3unrxrohzt41.jpg,1
z5vhgxdvyg641.jpg,1
z976g4uivsm41.jpg,1
zc4oh3swdof41.jpg,1
zc7wdrmplrn41.jpg,1
zc9dcty1n7x41.jpg,0
zezm0vdbbgs41.png,1
zf9vh4q8r2431.jpg,0
zfou45lxfop41.jpg,1
zgvl9dnuc4o41.jpg,1
zgxnww40fa051.jpg,1
zhmkpsl13hx41.jpg,1
zj359xqpi3151.png,1
zj71r5aymh031.jpg,1
zje33cdc24z41.jpg,0
Zjo5hx3.jpg,0
zlpum6ai3il41.jpg,1
zly635xzss331.jpg,0
znpd098mrg251.jpg,0
ZoF3TSk.png,1
zomuo178p6p41.jpg,1
zq983ilrwza41.jpg,1
zqinjaqssci41.jpg,0
zqr2lu7ytlz41.jpg,0
zt2fzod1ylt41.jpg,1
ztur5io750z41.jpg,0
zu1roax75lr41.png,1
zu84yanzx5r41.jpg,0
zuwsu9c11p251.jpg,1
zuxfcgztdk251.jpg,1
zvfo5ohcuto41.jpg,0
zvmbbtst3ty41.jpg,0
zw1udqi5pjo41.png,1
zybq4gjsv2x41.jpg,0
zymakr80i8q41.jpg,1
zzg18vhtuzy41.png,1
zzgx4krvjup41.jpg,0
